{"web":{"client_id":"45239130000-7o5i1t26027qjh7h73ckliaf1r4j5huq.apps.googleusercontent.com","project_id":"onswitch-qc","auth_uri":"https://accounts.google.com/o/oauth2/auth","token_uri":"https://oauth2.googleapis.com/token","auth_provider_x509_cert_url":"https://www.googleapis.com/oauth2/v1/certs","client_secret":"ruqTZ4CT_jR2qd05GYCB6jzS","redirect_uris":["https://qcdev.onswitchenergy.com","http://localhost:5000"],"javascript_origins":["https://qcdev.onswitchenergy.com","http://localhost:5000"]}}