[{
		"Company": "Triniti Customer",
		"Quote_URL__c": "https://iq.onswitchenergy.com/portal/#/name/Alvarado1315",
		"Site_Street__c": "2056 BushStreet",
		"Site_City__c": "California",
		"Site_State__c": "California",
		"System_Size__c": 119.0,
		"Purchase_Price_w__c": 183040.0,
		"Ownership_25_Yr_Savings__c": 798060.0,
		"25_yr_kWH": 0.08,
		"15_yr_kWH": 0.1,
		"15_netsavings": 145046.0,
		"25_netsavings": 441933.0,
		"Utility_kWH": 0.13,
		"Payback": 3.8
	}, {
		"Company": "Triniti Customer",
		"Quote_URL__c": "https://iq.onswitchenergy.com/portal/#/name/Bridge24700",
		"Site_Street__c": "1056 Jeffery Street",
		"Site_City__c": "California",
		"Site_State__c": "California",
		"System_Size__c": 910.0,
		"Purchase_Price_w__c": 1259962.0,
		"Ownership_25_Yr_Savings__c": 5738820.0,
		"25_yr_kWH": 0.06,
		"15_yr_kWH": 0.08,
		"15_netsavings": 1184112.0,
		"25_netsavings": 3556124.0,
		"Utility_kWH": 0.11,
		"Payback": 3.8
	}, {
		"Company": "Triniti Customer",
		"Quote_URL__c": "https://iq.onswitchenergy.com/portal/#/name/Reyes5901",
		"Site_Street__c": "1076 Hay Street",
		"Site_City__c": "California",
		"Site_State__c": "California",
		"System_Size__c": 1101.0,
		"Purchase_Price_w__c": 1420023.0,
		"Ownership_25_Yr_Savings__c": 6166768.0,
		"25_yr_kWH": 0.06,
		"15_yr_kWH": 0.07,
		"15_netsavings": 1388694.0,
		"25_netsavings": 3815242.0,
		"Utility_kWH": 0.1,
		"Payback": 3.7
	}, {
		"Company": "Triniti Customer",
		"Quote_URL__c": "https://iq.onswitchenergy.com/portal/#/name/629",
		"Site_Street__c": "1002 crane Street",
		"Site_City__c": "California",
		"Site_State__c": "California",
		"System_Size__c": 1089.0,
		"Purchase_Price_w__c": 1371854.0,
		"Ownership_25_Yr_Savings__c": 6037146.0,
		"25_yr_kWH": 0.06,
		"15_yr_kWH": 0.07,
		"15_netsavings": 1325509.0,
		"25_netsavings": 3743812.0,
		"Utility_kWH": 0.11,
		"Payback": 3.7
	}, {
		"Company": "Triniti Customer",
		"Quote_URL__c": "https://iq.onswitchenergy.com/portal/#/name/Alvarado1315",
		"Site_Street__c": "2056 BushStreet",
		"Site_City__c": "California",
		"Site_State__c": "California",
		"System_Size__c": 119.0,
		"Purchase_Price_w__c": 183040.0,
		"Ownership_25_Yr_Savings__c": 798060.0,
		"25_yr_kWH": 0.08,
		"15_yr_kWH": 0.1,
		"15_netsavings": 145046.0,
		"25_netsavings": 441933.0,
		"Utility_kWH": 0.13,
		"Payback": 3.8
	}
]
